{"cameraMode":{"drawMode":0,"name":"Shaded","section":"Shading Mode"},"sceneLighting":false,"audioPlay":false,"sceneViewState":{"showFog":true,"showMaterialUpdate":true,"showSkybox":false,"showFlares":true,"showImageEffects":true,"showParticleSystems":true},"in2DMode":false,"pivot":{"x":0.0,"y":0.1723853051662445,"z":-0.0000019073486328125},"rotation":{"x":0.0013245652662590147,"y":-0.9848018884658814,"z":0.174338698387146,"w":0.009941663593053818},"size":22.511478424072267,"orthographic":false}