{"cameraMode":{"drawMode":0,"name":"Shaded","section":"Shading Mode"},"sceneLighting":false,"audioPlay":false,"sceneViewState":{"showFog":true,"showMaterialUpdate":false,"showSkybox":false,"showFlares":true,"showImageEffects":true,"showParticleSystems":true},"in2DMode":false,"pivot":{"x":-1.1869659423828126,"y":22.047374725341798,"z":528.1890258789063},"rotation":{"x":0.08023259788751602,"y":-0.9219143986701965,"z":0.25024041533470156,"w":0.28582602739334109},"size":112.79589080810547,"orthographic":false}