{"cameraMode":{"drawMode":0,"name":"Shaded","section":"Shading Mode"},"sceneLighting":false,"audioPlay":false,"sceneViewState":{"showFog":true,"showMaterialUpdate":false,"showSkybox":false,"showFlares":true,"showImageEffects":true,"showParticleSystems":true},"in2DMode":false,"pivot":{"x":-1.6032373905181885,"y":14.131204605102539,"z":97.88823699951172},"rotation":{"x":0.039119381457567218,"y":-0.09186980873346329,"z":0.003636820474639535,"w":0.9950103163719177},"size":30.661224365234376,"orthographic":true}