{"cameraMode":{"drawMode":0,"name":"Shaded","section":"Shading Mode"},"sceneLighting":false,"audioPlay":false,"sceneViewState":{"showFog":true,"showMaterialUpdate":false,"showSkybox":false,"showFlares":true,"showImageEffects":true,"showParticleSystems":true},"in2DMode":false,"pivot":{"x":-0.07902765274047852,"y":6.199247360229492,"z":-0.0344080924987793},"rotation":{"x":0.0034788292832672598,"y":-0.9723981022834778,"z":0.014282002113759518,"w":0.23306262493133546},"size":25.931509017944337,"orthographic":false}