{"cameraMode":{"drawMode":0,"name":"Shaded","section":"Shading Mode"},"sceneLighting":true,"audioPlay":false,"sceneViewState":{"showFog":true,"showMaterialUpdate":true,"showSkybox":true,"showFlares":true,"showImageEffects":true,"showParticleSystems":true},"in2DMode":false,"pivot":{"x":31.270845413208009,"y":-3.866262912750244,"z":602.701171875},"rotation":{"x":0.035238783806562427,"y":0.9112433791160584,"z":-0.4035877287387848,"w":0.0773264467716217},"size":222.30899047851563,"orthographic":false}