{"cameraMode":{"drawMode":0,"name":"Shaded","section":"Shading Mode"},"sceneLighting":false,"audioPlay":false,"sceneViewState":{"showFog":true,"showMaterialUpdate":true,"showSkybox":false,"showFlares":true,"showImageEffects":true,"showParticleSystems":true},"in2DMode":false,"pivot":{"x":0.0000019073486328125,"y":5.749999523162842,"z":0.0},"rotation":{"x":0.0013245652662590147,"y":-0.9848018884658814,"z":0.174338698387146,"w":0.009941663593053818},"size":71.5232162475586,"orthographic":false}