{"cameraMode":{"drawMode":0,"name":"Shaded","section":"Shading Mode"},"sceneLighting":false,"audioPlay":false,"sceneViewState":{"showFog":true,"showMaterialUpdate":false,"showSkybox":false,"showFlares":true,"showImageEffects":true,"showParticleSystems":true},"in2DMode":false,"pivot":{"x":-1.1965360641479493,"y":22.047374725341798,"z":528.1890258789063},"rotation":{"x":0.014138276688754559,"y":0.9786404967308044,"z":-0.18029296398162843,"w":0.0978221520781517},"size":112.82113647460938,"orthographic":false}