{"cameraMode":{"drawMode":0,"name":"Shaded","section":"Shading Mode"},"sceneLighting":false,"audioPlay":false,"sceneViewState":{"showFog":true,"showMaterialUpdate":true,"showSkybox":false,"showFlares":true,"showImageEffects":true,"showParticleSystems":true},"in2DMode":false,"pivot":{"x":0.8743000030517578,"y":43.80686950683594,"z":561.4000244140625},"rotation":{"x":-0.006662499159574509,"y":0.952337384223938,"z":-0.30465802550315859,"w":-0.021904507651925088},"size":53.25379180908203,"orthographic":false}