{"cameraMode":{"drawMode":0,"name":"Shaded","section":"Shading Mode"},"sceneLighting":false,"audioPlay":false,"sceneViewState":{"showFog":true,"showMaterialUpdate":false,"showSkybox":false,"showFlares":true,"showImageEffects":true,"showParticleSystems":true},"in2DMode":false,"pivot":{"x":0.0,"y":1.5019283294677735,"z":0.035000331699848178},"rotation":{"x":-0.014225216582417488,"y":-0.9744083881378174,"z":0.2150358110666275,"w":-0.06466692686080933},"size":5.277617454528809,"orthographic":false}