{"cameraMode":{"drawMode":0,"name":"Shaded","section":"Shading Mode"},"sceneLighting":false,"audioPlay":false,"sceneViewState":{"showFog":true,"showMaterialUpdate":false,"showSkybox":false,"showFlares":true,"showImageEffects":true,"showParticleSystems":true},"in2DMode":false,"pivot":{"x":0.2209770679473877,"y":0.649998664855957,"z":0.40170741081237795},"rotation":{"x":0.2756352424621582,"y":-0.5359593629837036,"z":0.19057811796665193,"w":0.7749483585357666},"size":7.6312384605407719,"orthographic":false}