{"cameraMode":{"drawMode":0,"name":"Shaded","section":"Shading Mode"},"sceneLighting":false,"audioPlay":false,"sceneViewState":{"showFog":true,"showMaterialUpdate":true,"showSkybox":false,"showFlares":true,"showImageEffects":true,"showParticleSystems":true},"in2DMode":false,"pivot":{"x":4.76837158203125e-7,"y":0.17825040221214295,"z":9.5367431640625e-7},"rotation":{"x":0.0013245652662590147,"y":-0.9848018884658814,"z":0.174338698387146,"w":0.009941663593053818},"size":56.005958557128909,"orthographic":false}