{"cameraMode":{"drawMode":0,"name":"Shaded","section":"Shading Mode"},"sceneLighting":false,"audioPlay":false,"sceneViewState":{"showFog":true,"showMaterialUpdate":true,"showSkybox":false,"showFlares":true,"showImageEffects":true,"showParticleSystems":true},"in2DMode":false,"pivot":{"x":6.4987006187438969,"y":13.296466827392579,"z":568.6375732421875},"rotation":{"x":0.001842157100327313,"y":0.9971221685409546,"z":-0.0782327651977539,"w":0.0096281124278903},"size":22.49144172668457,"orthographic":false}