{"cameraMode":{"drawMode":0,"name":"Shaded","section":"Shading Mode"},"sceneLighting":false,"audioPlay":false,"sceneViewState":{"showFog":true,"showMaterialUpdate":false,"showSkybox":false,"showFlares":true,"showImageEffects":true,"showParticleSystems":true},"in2DMode":false,"pivot":{"x":-3.0642600059509279,"y":21.665674209594728,"z":104.20790100097656},"rotation":{"x":0.05793977528810501,"y":0.7207023501396179,"z":-0.060680337250232699,"w":0.6881492137908936},"size":25.468944549560548,"orthographic":true}