{"cameraMode":{"drawMode":0,"name":"Shaded","section":"Shading Mode"},"sceneLighting":false,"audioPlay":false,"sceneViewState":{"showFog":true,"showMaterialUpdate":true,"showSkybox":false,"showFlares":true,"showImageEffects":true,"showParticleSystems":true},"in2DMode":false,"pivot":{"x":9.5367431640625e-7,"y":0.17531833052635194,"z":9.5367431640625e-7},"rotation":{"x":0.17271891236305238,"y":-0.8009752035140991,"z":0.27625954151153567,"w":0.5026102662086487},"size":10.650009155273438,"orthographic":false}