{"cameraMode":{"drawMode":0,"name":"Shaded","section":"Shading Mode"},"sceneLighting":false,"audioPlay":false,"sceneViewState":{"showFog":true,"showMaterialUpdate":false,"showSkybox":false,"showFlares":true,"showImageEffects":true,"showParticleSystems":true},"in2DMode":false,"pivot":{"x":0.07963180541992188,"y":0.25250765681266787,"z":-0.3146030902862549},"rotation":{"x":0.2756352424621582,"y":-0.5359593629837036,"z":0.19057811796665193,"w":0.7749483585357666},"size":8.597601890563965,"orthographic":false}