{"cameraMode":{"drawMode":0,"name":"Shaded","section":"Shading Mode"},"sceneLighting":false,"audioPlay":false,"sceneViewState":{"showFog":true,"showMaterialUpdate":false,"showSkybox":false,"showFlares":true,"showImageEffects":true,"showParticleSystems":true},"in2DMode":false,"pivot":{"x":17.498497009277345,"y":14.525656700134278,"z":269.5616455078125},"rotation":{"x":0.13532692193984986,"y":-0.8058205246925354,"z":0.19590061902999879,"w":0.5428223609924316},"size":36.01124954223633,"orthographic":false}