{"cameraMode":{"drawMode":0,"name":"Shaded","section":"Shading Mode"},"sceneLighting":false,"audioPlay":false,"sceneViewState":{"showFog":true,"showMaterialUpdate":true,"showSkybox":false,"showFlares":true,"showImageEffects":true,"showParticleSystems":true},"in2DMode":false,"pivot":{"x":-0.000007644295692443848,"y":1.4520337581634522,"z":0.03500013053417206},"rotation":{"x":0.0013245652662590147,"y":-0.9848018884658814,"z":0.174338698387146,"w":0.009941663593053818},"size":5.028317451477051,"orthographic":false}