{"cameraMode":{"drawMode":0,"name":"Shaded","section":"Shading Mode"},"sceneLighting":false,"audioPlay":false,"sceneViewState":{"showFog":true,"showMaterialUpdate":true,"showSkybox":false,"showFlares":true,"showImageEffects":true,"showParticleSystems":true},"in2DMode":false,"pivot":{"x":-5.925883769989014,"y":13.553923606872559,"z":568.074462890625},"rotation":{"x":0.001842157100327313,"y":0.9971221685409546,"z":-0.0782327651977539,"w":0.0096281124278903},"size":37.174835205078128,"orthographic":false}