{"cameraMode":{"drawMode":0,"name":"Shaded","section":"Shading Mode"},"sceneLighting":true,"audioPlay":false,"sceneViewState":{"showFog":true,"showMaterialUpdate":false,"showSkybox":true,"showFlares":true,"showImageEffects":true,"showParticleSystems":true},"in2DMode":false,"pivot":{"x":6.833491325378418,"y":18.971187591552736,"z":-33.8387336730957},"rotation":{"x":0.24321481585502625,"y":-0.6525912880897522,"z":0.23381024599075318,"w":0.6785194277763367},"size":36.435951232910159,"orthographic":false}